set,auc
training,0.7948906746021636
validation,0.8391248391248392
training_validation,0.800288208168643
test,0.8192751590982633
